<?xml version="1.0" encoding="utf-8" ?>
<dwsync>
<file name="stern.png" server="s540034568.online.de//mobile/rezepte/" local="130358374053890000" remote="130889599200000000" Dst="2" />
<file name="stern0.png" server="s540034568.online.de//mobile/rezepte/" local="130358374052270000" remote="130889599200000000" Dst="2" />
<file name="stern1blau.png" server="s540034568.online.de//mobile/rezepte/" local="130358374054370000" remote="130889599200000000" Dst="2" />
<file name="stern1rot.png" server="s540034568.online.de//mobile/rezepte/" local="130358374051410000" remote="130889599200000000" Dst="2" />
<file name="stern1schwarz.png" server="s540034568.online.de//mobile/rezepte/" local="130358374064440000" remote="130889599200000000" Dst="2" />
<file name="stern2blau.png" server="s540034568.online.de//mobile/rezepte/" local="130358374064700000" remote="130889599200000000" Dst="2" />
<file name="stern2rot.png" server="s540034568.online.de//mobile/rezepte/" local="130358374066050000" remote="130889599200000000" Dst="2" />
<file name="stern2schwarz.png" server="s540034568.online.de//mobile/rezepte/" local="130358374064590000" remote="130889599200000000" Dst="2" />
<file name="stern3blau.png" server="s540034568.online.de//mobile/rezepte/" local="130358374083020000" remote="130889599200000000" Dst="2" />
<file name="stern3rot.png" server="s540034568.online.de//mobile/rezepte/" local="130358374065960000" remote="130889599200000000" Dst="2" />
<file name="stern3schwarz.png" server="s540034568.online.de//mobile/rezepte/" local="130358374084970000" remote="130889599200000000" Dst="2" />
<file name="stern4blau.png" server="s540034568.online.de//mobile/rezepte/" local="130358374084960000" remote="130889599200000000" Dst="2" />
<file name="stern4rot.png" server="s540034568.online.de//mobile/rezepte/" local="130358374084870000" remote="130889599200000000" Dst="2" />
<file name="stern4schwarz.png" server="s540034568.online.de//mobile/rezepte/" local="130358374083000000" remote="130889599200000000" Dst="2" />
<file name="stern5blau.png" server="s540034568.online.de//mobile/rezepte/" local="130358374093990000" remote="130889599200000000" Dst="2" />
<file name="stern5rot.png" server="s540034568.online.de//mobile/rezepte/" local="130358374096610000" remote="130889599200000000" Dst="2" />
<file name="stern5schwarz.png" server="s540034568.online.de//mobile/rezepte/" local="130358374096700000" remote="130889599200000000" Dst="2" />
</dwsync>