<?xml version="1.0" encoding="utf-8" ?>
<dwsync>
<file name="android-hdpi.png" server="mtb-touren.eu/github/" local="3460955846" remote="12050973632" Dst="-1" />
<file name="android-ldpi.png" server="mtb-touren.eu/github/" local="3460956051" remote="12050973632" Dst="-1" />
<file name="android-mdpi.png" server="mtb-touren.eu/github/" local="3460956005" remote="12050973632" Dst="-1" />
<file name="android-xhdpi.png" server="mtb-touren.eu/github/" local="3460955945" remote="12050973632" Dst="-1" />
<file name="ios-iphone-portrait-2x.png" server="mtb-touren.eu/github/" local="3460955046" remote="12050973632" Dst="-1" />
<file name="ios-iphone-portrait.png" server="mtb-touren.eu/github/" local="3460955056" remote="12050973632" Dst="-1" />
<file name="android-hdpi.png" server="s540034568.online.de//mobile/rezepte/" local="130358374122540000" remote="130889599200000000" Dst="2" />
<file name="android-ldpi.png" server="s540034568.online.de//mobile/rezepte/" local="130358374122540000" remote="130889599200000000" Dst="2" />
<file name="android-mdpi.png" server="s540034568.online.de//mobile/rezepte/" local="130358374117570000" remote="130889599200000000" Dst="2" />
<file name="android-xhdpi.png" server="s540034568.online.de//mobile/rezepte/" local="130358374122540000" remote="130889599200000000" Dst="2" />
<file name="ios-ipad-portrait.png" server="s540034568.online.de//mobile/rezepte/" local="130358374149510000" remote="130889599200000000" Dst="2" />
<file name="ios-ipad-landscape.png" server="s540034568.online.de//mobile/rezepte/" local="130358374137750000" remote="130889599200000000" Dst="2" />
<file name="ios-iphone-portrait-2x.png" server="s540034568.online.de//mobile/rezepte/" local="130358374123190000" remote="130889599200000000" Dst="2" />
<file name="ios-iphone-portrait.png" server="s540034568.online.de//mobile/rezepte/" local="130358374127130000" remote="130889599200000000" Dst="2" />
<file name="ios-iphone5-portrait.png" server="s540034568.online.de//mobile/rezepte/" local="130358374139120000" remote="130889599200000000" Dst="2" />
</dwsync>